{
  "version": 1,
  "author": "Anonymous maker",
  "editor": "wokwi",
  "parts": [
    { "type": "board-esp32-devkit-c-v4", "id": "esp", "top": 9.6, "left": 4.84, "attrs": {} },
    {
      "type": "wokwi-pushbutton",
      "id": "btn1",
      "top": -22.6,
      "left": 307.2,
      "attrs": { "color": "green" }
    },
    {
      "type": "wokwi-membrane-keypad",
      "id": "keypad1",
      "top": -251.6,
      "left": 418.4,
      "attrs": {}
    },
    { "type": "wokwi-servo", "id": "servo1", "top": -194, "left": 38.4, "attrs": {} },
    {
      "type": "wokwi-led",
      "id": "led1",
      "top": 15.6,
      "left": -207.4,
      "attrs": { "color": "red" }
    },
    {
      "type": "wokwi-led",
      "id": "led2",
      "top": 188.4,
      "left": -226.6,
      "attrs": { "color": "green" }
    },
    {
      "type": "wokwi-buzzer",
      "id": "bz1",
      "top": -189.6,
      "left": 232.2,
      "attrs": { "volume": "0.1" }
    },
    {
      "type": "wokwi-resistor",
      "id": "r1",
      "top": 89.8,
      "left": -68.05,
      "rotate": 270,
      "attrs": { "value": "10000" }
    },
    {
      "type": "wokwi-resistor",
      "id": "r2",
      "top": 61.55,
      "left": -134.4,
      "attrs": { "value": "220" }
    },
    {
      "type": "wokwi-resistor",
      "id": "r3",
      "top": 167.15,
      "left": -153.6,
      "attrs": { "value": "220" }
    }
  ],
  "connections": [
    [ "esp:TX", "$serialMonitor:RX", "", [] ],
    [ "esp:RX", "$serialMonitor:TX", "", [] ],
    [ "servo1:PWM", "esp:32", "white", [ "h-9.6", "v144.2" ] ],
    [ "servo1:V+", "esp:5V", "orange", [ "h-19.2", "v268.9" ] ],
    [ "btn1:1.l", "esp:12", "cyan", [ "h0" ] ],
    [ "r1:1", "esp:12", "green", [ "v0" ] ],
    [ "r1:2", "esp:3V3", "green", [ "v0" ] ],
    [ "keypad1:R1", "esp:19", "yellow", [ "v0" ] ],
    [ "keypad1:R2", "esp:18", "yellow", [ "v0" ] ],
    [ "keypad1:R3", "esp:17", "yellow", [ "v0" ] ],
    [ "keypad1:R4", "esp:16", "yellow", [ "v0" ] ],
    [ "keypad1:C1", "esp:5", "gray", [ "v0" ] ],
    [ "keypad1:C2", "esp:4", "gray", [ "v0" ] ],
    [ "keypad1:C3", "esp:0", "gray", [ "v0" ] ],
    [ "keypad1:C4", "esp:2", "gray", [ "v0" ] ],
    [ "led1:A", "esp:12", "red", [ "v0" ] ],
    [ "led1:C", "r2:1", "red", [ "v9.6", "h58" ] ],
    [ "r2:2", "esp:GND.1", "red", [ "v0" ] ],
    [ "led2:A", "esp:13", "green", [ "h19.2", "v-38.4", "h191.85" ] ],
    [ "led2:C", "r3:1", "green", [ "v19.2", "h48.4", "v-76.8" ] ],
    [ "r3:2", "esp:GND.1", "green", [ "v0" ] ],
    [ "bz1:1", "esp:GND.2", "magenta", [ "v0" ] ],
    [ "servo1:GND", "esp:GND.2", "black", [ "v86.4", "h67.2" ] ],
    [ "btn1:2.l", "esp:GND.3", "cyan", [ "v86.6", "h-201.6" ] ],
    [ "bz1:2", "esp:15", "magenta", [ "v0" ] ]
  ],
  "dependencies": {}
}